{
  "home/-698" : {
    "transaction" : "home/-698",
    "sampleCount" : 10,
    "errorCount" : 0,
    "errorPct" : 0.0,
    "meanResTime" : 238.9,
    "medianResTime" : 217.0,
    "minResTime" : 144.0,
    "maxResTime" : 529.0,
    "pct1ResTime" : 503.30000000000007,
    "pct2ResTime" : 529.0,
    "pct3ResTime" : 529.0,
    "throughput" : 0.5513591001819486,
    "receivedKBytesPerSec" : 16.74742498070243,
    "sentKBytesPerSec" : 0.3736750151623752
  },
  "mobile/pages/apple-covers-cases-912" : {
    "transaction" : "mobile/pages/apple-covers-cases-912",
    "sampleCount" : 10,
    "errorCount" : 0,
    "errorPct" : 0.0,
    "meanResTime" : 163.70000000000002,
    "medianResTime" : 150.5,
    "minResTime" : 117.0,
    "maxResTime" : 267.0,
    "pct1ResTime" : 259.5,
    "pct2ResTime" : 267.0,
    "pct3ResTime" : 267.0,
    "throughput" : 0.5618924537843456,
    "receivedKBytesPerSec" : 14.67516031494072,
    "sentKBytesPerSec" : 0.7583353233691071
  },
  "Total" : {
    "transaction" : "Total",
    "sampleCount" : 50,
    "errorCount" : 0,
    "errorPct" : 0.0,
    "meanResTime" : 193.10000000000002,
    "medianResTime" : 183.5,
    "minResTime" : 87.0,
    "maxResTime" : 529.0,
    "pct1ResTime" : 271.5,
    "pct2ResTime" : 381.89999999999907,
    "pct3ResTime" : 529.0,
    "throughput" : 2.6733679088916213,
    "receivedKBytesPerSec" : 122.85853831938726,
    "sentKBytesPerSec" : 2.5741608966475966
  },
  "mobile/pages/mobile-back-covers-866" : {
    "transaction" : "mobile/pages/mobile-back-covers-866",
    "sampleCount" : 10,
    "errorCount" : 0,
    "errorPct" : 0.0,
    "meanResTime" : 144.40000000000003,
    "medianResTime" : 138.0,
    "minResTime" : 117.0,
    "maxResTime" : 185.0,
    "pct1ResTime" : 184.8,
    "pct2ResTime" : 185.0,
    "pct3ResTime" : 185.0,
    "throughput" : 0.5625879043600562,
    "receivedKBytesPerSec" : 14.753648030942337,
    "sentKBytesPerSec" : 0.7592739099859354
  },
  "HTTP Request" : {
    "transaction" : "HTTP Request",
    "sampleCount" : 10,
    "errorCount" : 0,
    "errorPct" : 0.0,
    "meanResTime" : 235.20000000000002,
    "medianResTime" : 209.5,
    "minResTime" : 146.0,
    "maxResTime" : 504.0,
    "pct1ResTime" : 481.80000000000007,
    "pct2ResTime" : 504.0,
    "pct3ResTime" : 504.0,
    "throughput" : 0.5518154729058603,
    "receivedKBytesPerSec" : 62.27463942307693,
    "sentKBytesPerSec" : 0.06304922883787661
  },
  "mobile/collections/mouse-pad-1,091" : {
    "transaction" : "mobile/collections/mouse-pad-1,091",
    "sampleCount" : 10,
    "errorCount" : 0,
    "errorPct" : 0.0,
    "meanResTime" : 183.29999999999998,
    "medianResTime" : 192.5,
    "minResTime" : 87.0,
    "maxResTime" : 273.0,
    "pct1ResTime" : 270.0,
    "pct2ResTime" : 273.0,
    "pct3ResTime" : 273.0,
    "throughput" : 0.5643977875606727,
    "receivedKBytesPerSec" : 19.30885302023366,
    "sentKBytesPerSec" : 0.746834963031945
  }
}